{
  "x": 121.011353,
  "z": 32.27384,
  "heading": 90.53182,
  "hitchAngle": -0.202026367,
  "steeringAngle": "NaN"
}