{
  "Positions": [
    [
      19.816513061523438,
      29.789880752563477
    ],
    [
      22.639810562133789,
      29.536344528198242
    ],
    [
      25.432971954345703,
      29.031455993652344
    ],
    [
      28.226133346557617,
      28.526567459106445
    ],
    [
      31.019294738769531,
      28.021678924560547
    ],
    [
      33.812458038330078,
      27.516790390014648
    ],
    [
      36.633155822753906,
      27.554916381835938
    ],
    [
      39.411651611328125,
      28.135114669799805
    ],
    [
      42.190147399902344,
      28.715312957763672
    ],
    [
      44.7903938293457,
      29.809173583984375
    ],
    [
      46.383979797363281,
      31.714071273803711
    ],
    [
      47.976268768310547,
      34.063812255859375
    ],
    [
      49.975982666015625,
      36.053520202636719
    ],
    [
      52.576229095458984,
      37.147380828857422
    ],
    [
      49.797733306884766,
      36.567184448242188
    ],
    [
      46.463897705078125,
      35.049991607666016
    ],
    [
      44.409996032714844,
      33.116268157958984
    ],
    [
      43.23187255859375,
      30.553102493286133
    ],
    [
      43.101722717285156,
      27.735149383544922
    ],
    [
      43.51519775390625,
      24.927000045776367
    ],
    [
      43.676471710205078,
      22.0969295501709
    ],
    [
      43.837745666503906,
      19.266862869262695
    ],
    [
      44.4990348815918,
      16.510416030883789
    ],
    [
      44.973182678222656,
      13.266952514648438
    ]
  ],
  "Headings": [
    -1.5710903276089994,
    -1.7496243846471771,
    -1.7496243846471771,
    -1.7496243846471771,
    -1.7496243846471771,
    -1.7496243846471771,
    -1.3649371597517757,
    -1.3649371597517757,
    -1.3649371597517757,
    -0.98025046748858813,
    -0.59556324259318671,
    -0.59556324259318671,
    -0.98025046748858813,
    -1.3649371597517757,
    -1.3649371597517757,
    -1.0078695783076341,
    -0.6231828860444466,
    -0.23849566114904519,
    0.14619103111414233,
    0.14619103111414233,
    -0.032343025924035373,
    0.14619103111414233,
    0.32472508815232004,
    0.14619103111414233
  ],
  "HitchAngles": [
    -0.00020453077013371512,
    0.17839690424310106,
    0.11982893231987646,
    0.08037393475987642,
    0.053875215802747789,
    0.036102344089670169,
    -0.36049773290159237,
    -0.2440760488539695,
    -0.16431597272060117,
    -0.49501453115169625,
    -0.68319189442235029,
    -0.47484055341840303,
    0.060743907675018249,
    0.42539470710636351,
    0.56159968315839137,
    0.66779209895923231,
    0.48748966968142682,
    0.25740037631663881,
    -0.0432662473664891,
    -0.057541855963165744,
    0.10201131950083209,
    -0.042912579576466214,
    -0.23560559875647868,
    -0.1341151935608309
  ]
}